[
    {"courseId":101, "courseName":"core java","coursePrice":15000,"courseDescrption":"core java training for 45 days","courseImg":"assets/images/corejava.jpg"},
    {"courseId":102, "courseName":"jdbc","coursePrice":15000,"courseDescrption":"jdbc training for 45 days","courseImg":"assets/images/jdbc.png"},
    {"courseId":103, "courseName":"hibernate","coursePrice":15000,"courseDescrption":"hibernate training for 45 days","courseImg":"assets/images/hibernate.png"},
    {"courseId":104, "courseName":"spring framework","coursePrice":5000,"courseDescrption":"spring framework training for 30 days","courseImg":"assets/images/spring.png"},
    {"courseId":105, "courseName":"spring boot","coursePrice":6000,"courseDescrption":"spring boot training for 40 days","courseImg":"assets/images/springboot.png"},
    {"courseId":106, "courseName":"microservices","coursePrice":10000,"courseDescrption":"microservices training for 35 days","courseImg":"assets/images/micro.jpg"}
]