[
    {"courseId":107, "courseName":"hypertext markup language","coursePrice":4000,"courseDescrption":"HTML training for 25 days","courseImg":"assets/images/html.png"},
    {"courseId":108, "courseName":"cascading style sheets","coursePrice":5000,"courseDescrption":"CSS training for 15 days","courseImg":"assets/images/css.png"},
    {"courseId":109, "courseName":"java script","coursePrice":6000,"courseDescrption":"java script training for 20 days","courseImg":"assets/images/js.png"},
    {"courseId":110, "courseName":"angular","coursePrice":15000,"courseDescrption":"angular training for 50 days","courseImg":"assets/images/angular.jpg"},
    {"courseId":111, "courseName":"node js","coursePrice":17000,"courseDescrption":"nodejs training for 50 days","courseImg":"assets/images/nodejs.png"},
    {"courseId":112, "courseName":"react js","coursePrice":20000,"courseDescrption":"reactjs training for 50 days","courseImg":"assets/images/reactjs.png"}
]